{
    "lstm_metrics": {
        "Horizon_1": {
            "RMSE": 0.09676595172368024,
            "RMSE_Original": 66.94074601139802,
            "MAE": 0.07850930094718933,
            "MAPE": 