{
    "lstm_metrics": {
        "Horizon_1": {
            "RMSE": 0.7953606971271248,
            "RMSE_Original": 550.2145888196713,
            "MAE": 0.6279922127723694,
            "MAPE": 12.428783416748047,
            "R2": 0.30929142236709595
        },
        "Horizon_2": {
            "RMSE": 0.3594569237252749,
            "RMSE_Original": 248.66510014726634,
            "MAE": 0.27823859453201294,
            "MAPE": 5.190074920654297,
            "R2": 0.860561728477478
        },
        "Horizon_3": {
            "RMSE": 0.5859993711230578,
            "RMSE_Original": 405.38261247863113,
            "MAE": 0.4486218988895416,
            "MAPE": 9.326546669006348,
            "R2": 0.6233518719673157
        },
        "Horizon_4": {
            "RMSE": 0.3967467694117953,
            "RMSE_Original": 274.46147555258096,
            "MAE": 0.29665854573249817,
            "MAPE": 6.082032680511475,
            "R2": 0.8301162719726562
        },
        "Horizon_5": {
            "RMSE": 0.3712457847355909,
            "RMSE_Original": 256.8204169502495,
            "MAE": 0.2915148437023163,
            "MAPE": 5.378044605255127,
            "R2": 0.849601686000824
        },
        "Overall": {
            "RMSE": 0.5292324012817977,
            "RMSE_Original": 366.11236748435584,
            "MAE": 0.3886052072048187,
            "MAPE": 7.68109655380249,
            "R2": 0.695393443107605
        }
    },
    "transformer_metrics": {
        "Horizon_1": {
            "RMSE": 0.16822610590033113,
            "RMSE_Original": 116.37545733664165,
            "MAE": 0.14025463163852692,
            "MAPE": 2.9373488426208496,
            "R2": 0.9691003561019897
        },
        "Horizon_2": {
            "RMSE": 0.1767910035726516,
            "RMSE_Original": 122.30048324976072,
            "MAE": 0.14767973124980927,
            "MAPE": 3.1346547603607178,
            "R2": 0.9662706255912781
        },
        "Horizon_3": {
            "RMSE": 0.1696185276280236,
            "RMSE_Original": 117.33870245468884,
            "MAE": 0.14550429582595825,
            "MAPE": 3.0464987754821777,
            "R2": 0.9684435725212097
        },
        "Horizon_4": {
            "RMSE": 0.1550044783302902,
            "RMSE_Original": 107.22898249773705,
            "MAE": 0.1291331946849823,
            "MAPE": 2.6518471240997314,
            "R2": 0.974069356918335
        },
        "Horizon_5": {
            "RMSE": 0.20500167148187784,
            "RMSE_Original": 141.81606016906196,
            "MAE": 0.17389388382434845,
            "MAPE": 3.5673625469207764,
            "R2": 0.9541399478912354
        },
        "Overall": {
            "RMSE": 0.17571431581030206,
            "RMSE_Original": 121.55564328348767,
            "MAE": 0.14729315042495728,
            "MAPE": 3.067542314529419,
            "R2": 0.9664215445518494
        }
    },
    "lstm_uncertainty": {
        "coverage": 85.6768558951965,
        "avg_width": 410.38433837890625,
        "rmse": 137.8137471598897,
        "mae": 107.18294525146484
    },
    "transformer_uncertainty": {
        "coverage": 89.1703056768559,
        "avg_width": 439.65130615234375,
        "rmse": 126.38640913509055,
        "mae": 99.59544372558594
    },
    "ablation_results": {
        "LSTM (no attention)": {
            "val_loss": 0.015096942312084138,
            "test_rmse": 0.11578241246009259,
            "test_rmse_original": 80.09595990415964
        },
        "LSTM (unidirectional)": {
            "val_loss": 0.01882942719385028,
            "test_rmse": 0.13114231750157868,
            "test_rmse_original": 90.72163490073633
        },
        "Transformer (small)": {
            "val_loss": 0.013361808494664729,
            "test_rmse": 0.10527841294373333,
            "test_rmse_original": 72.82950109995777
        },
        "Transformer (large)": {
            "val_loss": 0.017061649938113987,
            "test_rmse": 0.12286050624464874,
            "test_rmse_original": 84.9924370486501
        }
    },
    "feature_names": [
        "SP500_MA5",
        "SP500_MA10",
        "SP500_MA20",
        "SP500_MA50",
        "NASDAQCOM",
        "Real_SP500",
        "SP500_MA200",
        "CPIAUCSL",
        "Market_Unemployment_Gap",
        "DCOILWTICO",
        "SP500_Vol_60",
        "SP500_MA200_Ratio",
        "Risk_Free_Return",
        "DGS10",
        "SP500_Vol_20",
        "SP500_Vol_10",
        "SP500_Vol_5",
        "SP500_MA50_Ratio",
        "UNRATE",
        "SP500_Momentum_20"
    ],
    "data_info": {
        "samples": 1585,
        "features": 20,
        "train_samples": 1064,
        "test_samples": 229
    }
}